{"camera_matrix": [[737.4070678333604, 0.0, 338.3048662881709], [0.0, 764.1976612627399, 237.55278301485754], [0.0, 0.0, 1.0]], "dist_coeff": [[-0.3726013086156854, -2.379380406058976, -0.004754264740496845, -0.006369436371176409, 21.449160473335976]]}